112.0,147.0,112.0
122.0,149.0,129.0
134.0,162.0,123.0
134.0,159.0,145.0
141.0,149.0,142.0
146.0,157.0,145.0
162.0,165.0,160.0
162.0,186.0,154.0
160.0,201.0,154.0
155.0,209.0,149.0
150.0,205.0,159.0
145.0,193.0,177.0
133.0,188.0,183.0
121.0,180.0,210.0
110.0,188.0,218.0
100.0,183.0,200.0
92.0,183.0,191.0
84.0,171.0,193.0
79.0,165.0,179.0
75.0,171.0,177.0
69.0,169.0,167.0
63.0,174.0,185.0
58.0,179.0,183.0
56.0,185.0,169.0
59.0,191.0,175.0
66.0,197.0,172.0
74.0,191.0,161.0
77.0,203.0,151.0
82.0,200.0,141.0
78.0,206.0,131.0
74.0,204.0,124.0
69.0,202.0,123.0
63.0,201.0,120.0
59.0,196.0,111.0
56.0,193.0,104.0
55.0,181.0,109.0
56.0,184.0,103.0
60.0,181.0,98.0
63.0,182.0,97.0
66.0,181.0,91.0
69.0,179.0,85.0
72.0,177.0,80.0
74.0,176.0,80.0
76.0,175.0,75.0
78.0,172.0,71.0
80.0,171.0,77.0
82.0,169.0,76.0
87.0,160.0,74.0
92.0,157.0,75.0
97.0,157.0,80.0
101.0,149.0,79.0
109.0,146.0,76.0
113.0,144.0,73.0
117.0,142.0,67.0
123.0,137.0,64.0
127.0,133.0,60.0
129.0,132.0,56.0
133.0,130.0,52.0
135.0,126.0,49.0
137.0,123.0,48.0
140.0,118.0,50.0
141.0,119.0,55.0
141.0,117.0,52.0
144.0,113.0,50.0
145.0,112.0,47.0
145.0,108.0,45.0
147.0,107.0,43.0
149.0,100.0,41.0
149.0,102.0,44.0
151.0,102.0,41.0
154.0,101.0,39.0
155.0,99.0,38.0
155.0,99.0,36.0
156.0,98.0,35.0
156.0,96.0,33.0
156.0,92.0,32.0
156.0,88.0,32.0
157.0,86.0,31.0
156.0,86.0,30.0
154.0,85.0,29.0
154.0,83.0,28.0
155.0,80.0,27.0
154.0,80.0,27.0
154.0,79.0,26.0
154.0,79.0,25.0
154.0,77.0,25.0
154.0,76.0,24.0
154.0,74.0,24.0
154.0,73.0,23.0
152.0,73.0,23.0
151.0,71.0,22.0
151.0,69.0,21.0
151.0,68.0,22.0
150.0,69.0,21.0
149.0,68.0,21.0
148.0,68.0,22.0
146.0,69.0,21.0
147.0,67.0,21.0
148.0,66.0,21.0
147.0,67.0,21.0
147.0,68.0,21.0
148.0,65.0,20.0
147.0,66.0,20.0
145.0,67.0,20.0
146.0,67.0,19.0
146.0,67.0,19.0
144.0,67.0,19.0
143.0,67.0,19.0
144.0,65.0,23.0
143.0,66.0,24.0
142.0,67.0,24.0
143.0,67.0,23.0
142.0,65.0,23.0
142.0,64.0,22.0
141.0,64.0,22.0
142.0,66.0,22.0
143.0,65.0,22.0
144.0,68.0,22.0
145.0,68.0,21.0
146.0,68.0,21.0
145.0,68.0,21.0
145.0,69.0,20.0
145.0,69.0,20.0
144.0,69.0,20.0
142.0,70.0,20.0
141.0,71.0,20.0
141.0,72.0,20.0
142.0,69.0,19.0
140.0,69.0,19.0
140.0,69.0,19.0
142.0,66.0,21.0
141.0,69.0,22.0
140.0,70.0,21.0
141.0,69.0,21.0
141.0,69.0,21.0
141.0,70.0,20.0
141.0,70.0,20.0
141.0,73.0,20.0
140.0,73.0,20.0
140.0,73.0,20.0
138.0,73.0,19.0
137.0,74.0,19.0
136.0,73.0,19.0
135.0,71.0,19.0
136.0,73.0,19.0
134.0,74.0,18.0
134.0,74.0,18.0
133.0,74.0,18.0
133.0,74.0,18.0
132.0,74.0,18.0
133.0,74.0,18.0
133.0,74.0,18.0
132.0,76.0,18.0
131.0,74.0,18.0
131.0,72.0,18.0
130.0,71.0,18.0
129.0,72.0,18.0
129.0,73.0,17.0
128.0,72.0,18.0
125.0,73.0,17.0
124.0,74.0,19.0
125.0,73.0,17.0
124.0,70.0,17.0
125.0,70.0,17.0
123.0,72.0,17.0
123.0,72.0,17.0
121.0,72.0,18.0
119.0,73.0,17.0
118.0,73.0,17.0
118.0,72.0,17.0
117.0,73.0,17.0
117.0,73.0,17.0
116.0,73.0,18.0
114.0,74.0,17.0
112.0,75.0,17.0
113.0,76.0,17.0
112.0,78.0,17.0
111.0,80.0,17.0
111.0,81.0,17.0
110.0,83.0,17.0
110.0,81.0,17.0
109.0,84.0,17.0
109.0,83.0,16.0
107.0,85.0,17.0
106.0,87.0,17.0
106.0,85.0,17.0
106.0,82.0,17.0
103.0,86.0,16.0
102.0,85.0,17.0
101.0,84.0,17.0
100.0,83.0,17.0
100.0,84.0,17.0
100.0,84.0,17.0
100.0,83.0,17.0
98.0,83.0,17.0
98.0,84.0,17.0
98.0,82.0,17.0
97.0,80.0,17.0
96.0,85.0,18.0
96.0,82.0,17.0
25.0,108.0,291.0
24.0,108.0,315.0
23.0,120.0,327.0
24.0,114.0,316.0
23.0,113.0,372.0
22.0,124.0,414.0
28.0,133.0,394.0
26.0,146.0,375.0
26.0,136.0,357.0
27.0,130.0,381.0
25.0,136.0,380.0
24.0,135.0,472.0
27.0,132.0,463.0
30.0,126.0,430.0
28.0,126.0,402.0
26.0,119.0,382.0
25.0,126.0,357.0
23.0,125.0,331.0
25.0,121.0,305.0
31.0,112.0,282.0
43.0,105.0,269.0
56.0,97.0,255.0
65.0,99.0,237.0
76.0,95.0,238.0
86.0,92.0,221.0
97.0,90.0,216.0
104.0,89.0,201.0
105.0,89.0,192.0
103.0,85.0,192.0
94.0,80.0,178.0
87.0,75.0,166.0
80.0,70.0,155.0
74.0,69.0,147.0
68.0,64.0,135.0
63.0,63.0,130.0
59.0,64.0,124.0
57.0,62.0,116.0
55.0,60.0,109.0
55.0,58.0,108.0
56.0,56.0,104.0
56.0,53.0,97.0
54.0,51.0,94.0
53.0,49.0,89.0
51.0,47.0,83.0
48.0,46.0,82.0
45.0,45.0,77.0
42.0,43.0,73.0
40.0,43.0,70.0
38.0,41.0,66.0
35.0,40.0,63.0
34.0,38.0,60.0
32.0,38.0,57.0
30.0,36.0,55.0
28.0,35.0,53.0
27.0,34.0,55.0
25.0,33.0,53.0
24.0,32.0,51.0
23.0,32.0,48.0
22.0,32.0,49.0
22.0,34.0,48.0
20.0,36.0,46.0
20.0,35.0,44.0
18.0,34.0,42.0
18.0,33.0,41.0
17.0,32.0,39.0
17.0,32.0,37.0
16.0,33.0,36.0
15.0,33.0,35.0
15.0,36.0,33.0
15.0,35.0,32.0
14.0,33.0,32.0
14.0,32.0,31.0
13.0,36.0,31.0
13.0,38.0,31.0
13.0,37.0,30.0
13.0,36.0,29.0
12.0,34.0,29.0
12.0,33.0,28.0
12.0,33.0,27.0
11.0,32.0,26.0
12.0,32.0,26.0
12.0,35.0,29.0
11.0,33.0,28.0
11.0,32.0,28.0
11.0,32.0,27.0
11.0,32.0,26.0
11.0,31.0,26.0
11.0,31.0,25.0
11.0,30.0,24.0
11.0,33.0,26.0
10.0,33.0,26.0
10.0,31.0,25.0
10.0,31.0,24.0
10.0,30.0,24.0
10.0,31.0,23.0
10.0,30.0,23.0
10.0,30.0,23.0
10.0,29.0,23.0
10.0,28.0,22.0
9.0,28.0,22.0
10.0,29.0,22.0
10.0,28.0,21.0
10.0,27.0,21.0
10.0,27.0,21.0
10.0,28.0,21.0
10.0,28.0,21.0
10.0,27.0,20.0
10.0,27.0,21.0
10.0,26.0,20.0
10.0,26.0,20.0
10.0,25.0,20.0
9.0,27.0,22.0
9.0,29.0,22.0
9.0,30.0,22.0
10.0,30.0,22.0
10.0,31.0,21.0
10.0,30.0,21.0
9.0,29.0,21.0
9.0,28.0,21.0
10.0,27.0,20.0
9.0,26.0,20.0
10.0,26.0,20.0
10.0,25.0,20.0
9.0,24.0,20.0
10.0,24.0,19.0
9.0,28.0,21.0
10.0,30.0,21.0
10.0,30.0,20.0
10.0,29.0,20.0
9.0,30.0,20.0
10.0,31.0,20.0
8.0,32.0,19.0
9.0,30.0,20.0
9.0,31.0,20.0
9.0,31.0,19.0
10.0,31.0,19.0
10.0,31.0,19.0
10.0,32.0,19.0
10.0,33.0,19.0
9.0,33.0,19.0
10.0,33.0,19.0
10.0,34.0,18.0
10.0,34.0,18.0
10.0,34.0,18.0
9.0,33.0,18.0
10.0,36.0,18.0
10.0,38.0,18.0
9.0,37.0,18.0
10.0,39.0,18.0
9.0,41.0,18.0
9.0,42.0,19.0
10.0,42.0,18.0
7.0,42.0,18.0
10.0,42.0,18.0
10.0,42.0,18.0
10.0,41.0,18.0
10.0,40.0,18.0
10.0,38.0,18.0
10.0,40.0,18.0
10.0,40.0,18.0
10.0,38.0,18.0
9.0,42.0,18.0
10.0,42.0,18.0
10.0,42.0,18.0
10.0,42.0,18.0
10.0,43.0,18.0
10.0,43.0,18.0
10.0,42.0,18.0
10.0,42.0,18.0
10.0,41.0,18.0
10.0,43.0,18.0
10.0,42.0,18.0
10.0,42.0,18.0
10.0,42.0,18.0
10.0,43.0,18.0
10.0,42.0,17.0
10.0,39.0,17.0
10.0,42.0,17.0
10.0,42.0,17.0
10.0,43.0,17.0
10.0,43.0,17.0
10.0,43.0,17.0
10.0,44.0,18.0
9.0,44.0,17.0
10.0,44.0,17.0
10.0,43.0,17.0
10.0,45.0,18.0
8.0,46.0,18.0
10.0,45.0,17.0
10.0,47.0,17.0
10.0,47.0,17.0
10.0,47.0,18.0
10.0,48.0,17.0
10.0,47.0,17.0
10.0,47.0,17.0
10.0,46.0,18.0
10.0,47.0,17.0
10.0,47.0,17.0
10.0,46.0,17.0
9.0,48.0,17.0
127.0,53.0,17.0
151.0,54.0,17.0
179.0,57.0,17.0
220.0,63.0,18.0
289.0,61.0,18.0
333.0,60.0,18.0
325.0,62.0,17.0
353.0,61.0,19.0
347.0,60.0,18.0
332.0,59.0,18.0
311.0,59.0,17.0
290.0,59.0,17.0
270.0,59.0,17.0
248.0,58.0,17.0
232.0,59.0,17.0
216.0,60.0,17.0
202.0,61.0,17.0
187.0,65.0,17.0
175.0,66.0,18.0
163.0,70.0,17.0
150.0,70.0,40.0
139.0,71.0,43.0
130.0,72.0,126.0
119.0,72.0,148.0
117.0,69.0,238.0
110.0,76.0,251.0
108.0,92.0,278.0
101.0,109.0,363.0
98.0,118.0,460.0
96.0,118.0,445.0
96.0,124.0,428.0
90.0,118.0,438.0
85.0,113.0,412.0
78.0,112.0,397.0
76.0,114.0,412.0
71.0,110.0,413.0
70.0,109.0,400.0
72.0,118.0,391.0
66.0,133.0,364.0
61.0,123.0,339.0
56.0,116.0,329.0
51.0,110.0,306.0
48.0,104.0,287.0
44.0,101.0,272.0
43.0,107.0,262.0
40.0,109.0,242.0
43.0,103.0,251.0
48.0,98.0,235.0
53.0,99.0,219.0
59.0,94.0,206.0
64.0,96.0,191.0
65.0,96.0,182.0
64.0,95.0,171.0
63.0,95.0,160.0
59.0,93.0,157.0
56.0,97.0,151.0
53.0,95.0,145.0
49.0,88.0,138.0
46.0,83.0,129.0
42.0,81.0,121.0
40.0,77.0,113.0
37.0,74.0,107.0
35.0,71.0,100.0
35.0,69.0,95.0
34.0,65.0,90.0
33.0,62.0,86.0
33.0,59.0,82.0
32.0,57.0,77.0
31.0,54.0,73.0
29.0,54.0,69.0
28.0,53.0,66.0
26.0,51.0,62.0
25.0,52.0,64.0
24.0,53.0,62.0
23.0,54.0,60.0
22.0,54.0,60.0
21.0,52.0,59.0
20.0,52.0,59.0
19.0,54.0,56.0
17.0,55.0,54.0
18.0,53.0,51.0
17.0,51.0,49.0
17.0,51.0,47.0
18.0,51.0,45.0
16.0,49.0,44.0
15.0,48.0,42.0
15.0,49.0,41.0
14.0,48.0,40.0
14.0,51.0,39.0
14.0,52.0,38.0
13.0,51.0,38.0
15.0,56.0,39.0
13.0,56.0,38.0
13.0,58.0,37.0
12.0,58.0,36.0
11.0,57.0,35.0
12.0,60.0,33.0
12.0,59.0,32.0
12.0,57.0,31.0
13.0,56.0,30.0
11.0,56.0,29.0
11.0,55.0,29.0
11.0,55.0,28.0
10.0,57.0,25.0
11.0,56.0,27.0
10.0,56.0,26.0
11.0,55.0,25.0
9.0,56.0,26.0
11.0,56.0,25.0
11.0,55.0,29.0
11.0,55.0,29.0
10.0,53.0,29.0
11.0,52.0,28.0
11.0,51.0,27.0
11.0,50.0,26.0
10.0,50.0,26.0
10.0,50.0,25.0
10.0,49.0,25.0
10.0,49.0,24.0
10.0,48.0,24.0
10.0,49.0,23.0
10.0,48.0,23.0
10.0,48.0,22.0
10.0,49.0,21.0
10.0,49.0,21.0
10.0,48.0,22.0
9.0,47.0,21.0
10.0,47.0,21.0
10.0,47.0,21.0
10.0,47.0,20.0
10.0,45.0,20.0
10.0,46.0,20.0
10.0,46.0,20.0
10.0,46.0,19.0
10.0,48.0,19.0
10.0,46.0,19.0
10.0,45.0,19.0
10.0,43.0,20.0
10.0,43.0,19.0
10.0,42.0,19.0
10.0,41.0,19.0
9.0,40.0,19.0
10.0,39.0,18.0
10.0,39.0,18.0
10.0,38.0,18.0
10.0,37.0,18.0
9.0,36.0,19.0
10.0,37.0,18.0
10.0,38.0,18.0
10.0,37.0,18.0
10.0,36.0,18.0
10.0,34.0,18.0
9.0,34.0,18.0
10.0,33.0,18.0
10.0,33.0,18.0
10.0,33.0,18.0
10.0,31.0,18.0
10.0,30.0,18.0
10.0,29.0,18.0
10.0,28.0,18.0
10.0,28.0,18.0
9.0,27.0,18.0
10.0,26.0,18.0
10.0,26.0,18.0
9.0,25.0,18.0
9.0,25.0,18.0
9.0,25.0,18.0
10.0,24.0,18.0
10.0,23.0,18.0
10.0,23.0,17.0
10.0,23.0,18.0
10.0,22.0,18.0
10.0,22.0,20.0
10.0,22.0,18.0
10.0,21.0,17.0
10.0,22.0,17.0
10.0,20.0,19.0
10.0,22.0,18.0
10.0,21.0,17.0
10.0,20.0,17.0
10.0,20.0,19.0
10.0,20.0,18.0
10.0,20.0,17.0
9.0,19.0,17.0
9.0,19.0,17.0
10.0,20.0,17.0
9.0,20.0,17.0
9.0,20.0,19.0
9.0,19.0,17.0
10.0,19.0,17.0
9.0,19.0,17.0
10.0,20.0,18.0
10.0,20.0,17.0
10.0,20.0,17.0
10.0,19.0,17.0
10.0,20.0,17.0
10.0,19.0,17.0
10.0,20.0,17.0
10.0,18.0,17.0
10.0,19.0,17.0
22.0,137.0,91.0
24.0,154.0,106.0
23.0,161.0,107.0
23.0,161.0,101.0
23.0,152.0,107.0
22.0,142.0,160.0
20.0,133.0,151.0
25.0,134.0,146.0
27.0,131.0,139.0
30.0,122.0,134.0
30.0,118.0,132.0
32.0,118.0,135.0
32.0,127.0,144.0
37.0,125.0,137.0
44.0,123.0,128.0
43.0,132.0,128.0
41.0,128.0,125.0
40.0,131.0,115.0
37.0,139.0,107.0
34.0,132.0,100.0
34.0,127.0,96.0
37.0,121.0,90.0
40.0,115.0,85.0
40.0,110.0,86.0
41.0,104.0,83.0
43.0,104.0,82.0
47.0,102.0,82.0
49.0,99.0,76.0
50.0,94.0,73.0
51.0,90.0,69.0
49.0,84.0,70.0
46.0,80.0,76.0
44.0,79.0,78.0
41.0,76.0,79.0
38.0,77.0,74.0
36.0,79.0,71.0
34.0,78.0,68.0
32.0,76.0,71.0
30.0,75.0,74.0
28.0,73.0,69.0
28.0,70.0,66.0
28.0,66.0,63.0
30.0,64.0,60.0
28.0,62.0,57.0
31.0,59.0,54.0
32.0,57.0,52.0
32.0,56.0,49.0
32.0,53.0,48.0
30.0,56.0,45.0
28.0,55.0,43.0
27.0,54.0,41.0
25.0,55.0,40.0
24.0,55.0,39.0
23.0,56.0,37.0
22.0,54.0,36.0
20.0,54.0,34.0
20.0,52.0,34.0
20.0,51.0,32.0
19.0,50.0,31.0
16.0,50.0,29.0
17.0,47.0,30.0
17.0,46.0,29.0
16.0,46.0,27.0
16.0,45.0,27.0
15.0,46.0,27.0
15.0,45.0,26.0
14.0,45.0,25.0
14.0,43.0,25.0
14.0,46.0,24.0
14.0,47.0,24.0
13.0,48.0,23.0
13.0,48.0,24.0
13.0,49.0,22.0
12.0,48.0,22.0
12.0,49.0,21.0
12.0,51.0,21.0
12.0,51.0,21.0
11.0,52.0,22.0
11.0,52.0,21.0
11.0,51.0,20.0
11.0,50.0,20.0
11.0,50.0,20.0
11.0,52.0,20.0
11.0,52.0,19.0
10.0,51.0,19.0
11.0,50.0,19.0
11.0,50.0,19.0
10.0,50.0,20.0
11.0,49.0,20.0
10.0,50.0,20.0
10.0,53.0,20.0
10.0,51.0,20.0
10.0,50.0,19.0
10.0,50.0,19.0
10.0,50.0,19.0
11.0,50.0,19.0
10.0,49.0,19.0
10.0,49.0,18.0
9.0,48.0,19.0
10.0,49.0,19.0
10.0,50.0,19.0
10.0,51.0,19.0
10.0,50.0,18.0
10.0,48.0,19.0
10.0,48.0,18.0
10.0,49.0,18.0
10.0,50.0,18.0
10.0,49.0,18.0
10.0,48.0,18.0
10.0,48.0,18.0
10.0,48.0,18.0
10.0,47.0,18.0
10.0,48.0,18.0
10.0,47.0,17.0
10.0,46.0,17.0
10.0,44.0,17.0
9.0,44.0,17.0
10.0,43.0,18.0
9.0,42.0,18.0
10.0,43.0,17.0
10.0,43.0,18.0
10.0,45.0,18.0
10.0,45.0,18.0
10.0,43.0,18.0
10.0,42.0,18.0
10.0,41.0,19.0
10.0,40.0,19.0
10.0,39.0,19.0
10.0,38.0,18.0
10.0,38.0,18.0
10.0,38.0,18.0
9.0,37.0,18.0
10.0,37.0,18.0
10.0,37.0,18.0
10.0,35.0,18.0
10.0,35.0,18.0
10.0,38.0,18.0
10.0,37.0,18.0
10.0,36.0,18.0
10.0,35.0,18.0
10.0,35.0,18.0
10.0,34.0,17.0
10.0,34.0,18.0
10.0,33.0,17.0
10.0,34.0,18.0
10.0,33.0,18.0
10.0,32.0,18.0
10.0,31.0,18.0
10.0,30.0,18.0
10.0,29.0,18.0
10.0,28.0,17.0
10.0,28.0,18.0
10.0,29.0,18.0
10.0,28.0,18.0
10.0,27.0,18.0
10.0,27.0,17.0
10.0,28.0,17.0
10.0,27.0,17.0
10.0,26.0,17.0
10.0,26.0,17.0
10.0,25.0,17.0
10.0,24.0,17.0
10.0,25.0,17.0
10.0,28.0,17.0
10.0,27.0,17.0
10.0,27.0,17.0
10.0,26.0,17.0
10.0,26.0,17.0
10.0,25.0,17.0
10.0,24.0,17.0
10.0,23.0,17.0
10.0,23.0,17.0
9.0,23.0,17.0
10.0,21.0,18.0
9.0,22.0,17.0
10.0,23.0,17.0
9.0,23.0,17.0
10.0,22.0,18.0
10.0,22.0,17.0
10.0,22.0,17.0
10.0,22.0,17.0
10.0,22.0,17.0
9.0,21.0,17.0
9.0,22.0,17.0
10.0,23.0,18.0
10.0,23.0,18.0
10.0,23.0,18.0
10.0,22.0,18.0
9.0,23.0,18.0
10.0,23.0,18.0
9.0,22.0,17.0
11.0,24.0,18.0
10.0,22.0,17.0
10.0,22.0,18.0
9.0,22.0,17.0
10.0,23.0,17.0
10.0,23.0,17.0
10.0,23.0,17.0
10.0,23.0,18.0
10.0,22.0,18.0
120.0,39.0,17.0
125.0,39.0,17.0
119.0,43.0,17.0
114.0,47.0,17.0
106.0,49.0,17.0
100.0,48.0,19.0
92.0,47.0,17.0
87.0,45.0,17.0
83.0,46.0,17.0
82.0,44.0,17.0
84.0,42.0,17.0
82.0,40.0,18.0
77.0,42.0,17.0
76.0,41.0,17.0
75.0,39.0,17.0
79.0,39.0,17.0
81.0,42.0,18.0
91.0,48.0,17.0
97.0,47.0,17.0
93.0,51.0,18.0
89.0,52.0,17.0
92.0,55.0,17.0
89.0,55.0,17.0
85.0,58.0,18.0
82.0,58.0,18.0
82.0,59.0,17.0
76.0,62.0,17.0
75.0,69.0,17.0
72.0,71.0,17.0
69.0,79.0,17.0
66.0,81.0,17.0
66.0,83.0,17.0
64.0,88.0,17.0
61.0,93.0,17.0
59.0,99.0,17.0
58.0,104.0,17.0
57.0,108.0,17.0
55.0,112.0,17.0
56.0,116.0,17.0
55.0,117.0,17.0
52.0,121.0,17.0
54.0,121.0,19.0
54.0,119.0,34.0
52.0,124.0,33.0
50.0,124.0,67.0
48.0,120.0,65.0
50.0,115.0,82.0
48.0,116.0,94.0
44.0,109.0,123.0
42.0,110.0,187.0
43.0,109.0,187.0
45.0,105.0,187.0
42.0,101.0,189.0
44.0,99.0,181.0
42.0,101.0,304.0
41.0,100.0,313.0
43.0,105.0,328.0
47.0,102.0,314.0
44.0,109.0,330.0
43.0,105.0,377.0
43.0,101.0,355.0
40.0,102.0,330.0
39.0,104.0,329.0
37.0,105.0,316.0
34.0,103.0,298.0
33.0,99.0,280.0
32.0,100.0,261.0
31.0,96.0,252.0
30.0,101.0,235.0
35.0,101.0,220.0
46.0,95.0,211.0
58.0,98.0,199.0
67.0,102.0,186.0
78.0,106.0,173.0
87.0,107.0,161.0
91.0,107.0,149.0
87.0,108.0,140.0
86.0,102.0,146.0
79.0,97.0,147.0
73.0,95.0,149.0
67.0,90.0,145.0
62.0,87.0,135.0
59.0,83.0,128.0
55.0,77.0,121.0
55.0,72.0,121.0
54.0,67.0,115.0
54.0,63.0,108.0
53.0,60.0,103.0
54.0,57.0,105.0
52.0,54.0,105.0
50.0,51.0,99.0
48.0,50.0,95.0
46.0,49.0,90.0
42.0,52.0,85.0
40.0,49.0,80.0
38.0,48.0,76.0
36.0,49.0,72.0
33.0,51.0,68.0
32.0,51.0,79.0
30.0,50.0,80.0
29.0,50.0,76.0
27.0,50.0,73.0
27.0,48.0,69.0
25.0,48.0,65.0
24.0,47.0,63.0
23.0,45.0,61.0
22.0,44.0,58.0
21.0,42.0,55.0
20.0,40.0,53.0
20.0,39.0,51.0
19.0,38.0,49.0
18.0,38.0,49.0
18.0,39.0,58.0
17.0,38.0,56.0
17.0,38.0,53.0
16.0,41.0,51.0
16.0,47.0,48.0
15.0,45.0,46.0
15.0,43.0,45.0
14.0,43.0,42.0
14.0,44.0,41.0
13.0,46.0,48.0
13.0,44.0,46.0
13.0,44.0,44.0
12.0,42.0,45.0
12.0,41.0,44.0
12.0,42.0,42.0
12.0,41.0,41.0
12.0,40.0,39.0
12.0,40.0,38.0
12.0,39.0,36.0
12.0,38.0,36.0
11.0,36.0,35.0
11.0,36.0,41.0
11.0,36.0,50.0
11.0,35.0,52.0
11.0,35.0,52.0
11.0,35.0,53.0
11.0,35.0,51.0
11.0,34.0,49.0
11.0,33.0,47.0
10.0,31.0,45.0
11.0,30.0,43.0
11.0,29.0,41.0
10.0,29.0,39.0
10.0,28.0,38.0
10.0,29.0,36.0
10.0,29.0,35.0
10.0,29.0,34.0
10.0,30.0,33.0
10.0,31.0,32.0
10.0,34.0,31.0
10.0,37.0,30.0
10.0,37.0,29.0
10.0,38.0,29.0
10.0,39.0,29.0
11.0,39.0,30.0
10.0,39.0,30.0
10.0,39.0,30.0
10.0,39.0,29.0
10.0,39.0,29.0
10.0,39.0,28.0
10.0,38.0,29.0
10.0,38.0,28.0
10.0,38.0,27.0
10.0,37.0,27.0
10.0,37.0,26.0
10.0,36.0,25.0
10.0,36.0,25.0
10.0,35.0,24.0
11.0,35.0,23.0
10.0,34.0,26.0
10.0,34.0,27.0
10.0,34.0,27.0
10.0,34.0,26.0
10.0,32.0,26.0
10.0,31.0,26.0
10.0,31.0,26.0
10.0,30.0,25.0
10.0,28.0,25.0
10.0,28.0,25.0
10.0,27.0,25.0
10.0,27.0,24.0
10.0,26.0,23.0
10.0,26.0,23.0
9.0,26.0,22.0
10.0,26.0,22.0
10.0,25.0,22.0
11.0,25.0,22.0
10.0,25.0,21.0
10.0,24.0,21.0
9.0,23.0,21.0
10.0,24.0,20.0
10.0,23.0,20.0
10.0,24.0,21.0
10.0,24.0,20.0
10.0,25.0,19.0
10.0,24.0,20.0
10.0,24.0,19.0
10.0,24.0,19.0
98.0,58.0,38.0
109.0,62.0,39.0
117.0,68.0,38.0
125.0,68.0,36.0
131.0,68.0,35.0
134.0,66.0,33.0
136.0,63.0,33.0
136.0,58.0,31.0
133.0,55.0,38.0
126.0,53.0,37.0
117.0,52.0,36.0
108.0,50.0,35.0
100.0,48.0,33.0
92.0,46.0,32.0
86.0,44.0,31.0
80.0,42.0,32.0
75.0,41.0,31.0
69.0,46.0,30.0
66.0,45.0,29.0
62.0,44.0,28.0
58.0,47.0,28.0
54.0,45.0,27.0
51.0,46.0,27.0
47.0,46.0,26.0
45.0,47.0,25.0
43.0,47.0,25.0
39.0,46.0,24.0
37.0,45.0,24.0
35.0,46.0,23.0
33.0,47.0,23.0
31.0,48.0,22.0
30.0,49.0,23.0
28.0,51.0,23.0
27.0,50.0,22.0
25.0,51.0,22.0
24.0,53.0,22.0
23.0,54.0,22.0
22.0,54.0,21.0
21.0,59.0,21.0
20.0,58.0,21.0
19.0,60.0,20.0
19.0,58.0,20.0
18.0,58.0,20.0
17.0,58.0,19.0
16.0,59.0,20.0
16.0,56.0,19.0
16.0,55.0,19.0
15.0,54.0,19.0
14.0,53.0,19.0
14.0,51.0,19.0
14.0,50.0,18.0
14.0,51.0,19.0
13.0,49.0,18.0
13.0,48.0,18.0
13.0,51.0,18.0
12.0,50.0,18.0
12.0,51.0,18.0
12.0,53.0,18.0
12.0,51.0,18.0
12.0,48.0,18.0
12.0,47.0,18.0
12.0,46.0,18.0
11.0,45.0,18.0
11.0,46.0,18.0
11.0,45.0,18.0
11.0,46.0,18.0
11.0,49.0,18.0
11.0,47.0,18.0
11.0,45.0,18.0
11.0,43.0,18.0
11.0,43.0,18.0
10.0,40.0,18.0
11.0,39.0,17.0
11.0,38.0,18.0
10.0,36.0,18.0
10.0,35.0,18.0
10.0,34.0,17.0
10.0,32.0,17.0
10.0,31.0,17.0
10.0,30.0,17.0
10.0,30.0,17.0
10.0,29.0,18.0
10.0,28.0,17.0
10.0,29.0,17.0
10.0,29.0,18.0
10.0,28.0,17.0
10.0,30.0,17.0
10.0,31.0,18.0
9.0,34.0,20.0
10.0,35.0,19.0
10.0,33.0,19.0
10.0,33.0,19.0
10.0,32.0,19.0
11.0,31.0,18.0
10.0,31.0,19.0
10.0,31.0,19.0
10.0,29.0,18.0
10.0,29.0,19.0
10.0,27.0,18.0
10.0,27.0,18.0
10.0,26.0,18.0
12.0,27.0,18.0
10.0,26.0,18.0
10.0,26.0,18.0
10.0,25.0,18.0
11.0,27.0,18.0
10.0,26.0,18.0
10.0,25.0,18.0
10.0,24.0,18.0
9.0,24.0,18.0
10.0,25.0,18.0
10.0,26.0,18.0
10.0,25.0,18.0
10.0,25.0,18.0
10.0,26.0,18.0
10.0,27.0,18.0
11.0,26.0,18.0
10.0,26.0,18.0
10.0,28.0,18.0
10.0,29.0,17.0
10.0,29.0,17.0
9.0,30.0,18.0
10.0,29.0,18.0
10.0,30.0,18.0
9.0,30.0,18.0
9.0,31.0,17.0
10.0,32.0,18.0
10.0,34.0,18.0
10.0,35.0,17.0
9.0,35.0,18.0
9.0,37.0,17.0
10.0,36.0,17.0
10.0,38.0,18.0
9.0,39.0,17.0
9.0,40.0,17.0
10.0,41.0,17.0
10.0,42.0,17.0
10.0,43.0,17.0
9.0,45.0,17.0
10.0,46.0,17.0
10.0,47.0,17.0
10.0,46.0,17.0
11.0,47.0,17.0
9.0,50.0,17.0
10.0,50.0,17.0
10.0,52.0,17.0
10.0,54.0,18.0
10.0,55.0,17.0
10.0,53.0,18.0
9.0,53.0,17.0
9.0,57.0,17.0
10.0,58.0,18.0
10.0,58.0,17.0
8.0,58.0,17.0
10.0,58.0,17.0
9.0,59.0,17.0
9.0,60.0,17.0
10.0,60.0,17.0
9.0,60.0,18.0
10.0,60.0,18.0
10.0,59.0,17.0
10.0,59.0,18.0
10.0,59.0,17.0
10.0,58.0,17.0
9.0,57.0,16.0
10.0,58.0,17.0
10.0,61.0,17.0
10.0,61.0,17.0
10.0,60.0,17.0
10.0,60.0,17.0
9.0,60.0,17.0
10.0,56.0,17.0
10.0,58.0,17.0
10.0,56.0,17.0
10.0,60.0,18.0
9.0,60.0,18.0
10.0,60.0,18.0
10.0,59.0,17.0
9.0,60.0,18.0
10.0,60.0,17.0
10.0,59.0,18.0
9.0,59.0,18.0
10.0,60.0,18.0
9.0,59.0,17.0
10.0,59.0,18.0
10.0,60.0,17.0
9.0,60.0,18.0
9.0,61.0,17.0
9.0,59.0,18.0
10.0,58.0,18.0
10.0,60.0,17.0
10.0,61.0,17.0
10.0,60.0,18.0
8.0,60.0,18.0
10.0,59.0,17.0
10.0,59.0,18.0
9.0,59.0,18.0
10.0,58.0,17.0
9.0,57.0,17.0
10.0,57.0,18.0
25.0,143.0,105.0
31.0,161.0,150.0
37.0,167.0,192.0
39.0,171.0,183.0
42.0,169.0,214.0
40.0,161.0,239.0
45.0,167.0,240.0
48.0,179.0,294.0
46.0,180.0,355.0
55.0,180.0,351.0
52.0,196.0,333.0
56.0,198.0,323.0
55.0,210.0,324.0
51.0,207.0,303.0
50.0,205.0,281.0
47.0,191.0,268.0
44.0,195.0,256.0
40.0,199.0,263.0
44.0,200.0,260.0
50.0,198.0,256.0
56.0,190.0,240.0
74.0,187.0,237.0
90.0,178.0,226.0
106.0,171.0,218.0
123.0,163.0,208.0
135.0,156.0,193.0
141.0,149.0,187.0
143.0,148.0,183.0
137.0,146.0,169.0
125.0,145.0,169.0
116.0,156.0,172.0
105.0,153.0,158.0
96.0,158.0,161.0
89.0,155.0,152.0
85.0,157.0,142.0
81.0,154.0,132.0
83.0,149.0,122.0
82.0,141.0,114.0
81.0,130.0,106.0
79.0,123.0,103.0
75.0,118.0,97.0
71.0,112.0,94.0
66.0,106.0,90.0
61.0,104.0,87.0
57.0,97.0,83.0
53.0,93.0,79.0
50.0,88.0,78.0
47.0,86.0,76.0
45.0,84.0,72.0
42.0,81.0,69.0
40.0,77.0,65.0
37.0,74.0,62.0
36.0,71.0,60.0
33.0,68.0,57.0
32.0,66.0,54.0
30.0,64.0,52.0
28.0,61.0,50.0
27.0,60.0,49.0
26.0,61.0,51.0
23.0,58.0,59.0
23.0,55.0,69.0
22.0,53.0,65.0
21.0,55.0,62.0
19.0,54.0,59.0
20.0,62.0,57.0
19.0,67.0,53.0
18.0,65.0,51.0
18.0,65.0,49.0
16.0,61.0,47.0
16.0,61.0,44.0
16.0,62.0,43.0
14.0,60.0,42.0
15.0,57.0,39.0
14.0,56.0,38.0
14.0,57.0,42.0
14.0,56.0,48.0
13.0,55.0,48.0
13.0,54.0,46.0
13.0,50.0,54.0
14.0,48.0,65.0
13.0,50.0,65.0
12.0,50.0,62.0
12.0,48.0,59.0
12.0,48.0,56.0
12.0,46.0,53.0
12.0,44.0,51.0
11.0,42.0,49.0
10.0,40.0,46.0
12.0,41.0,45.0
11.0,38.0,42.0
11.0,37.0,41.0
9.0,36.0,39.0
10.0,35.0,39.0
11.0,37.0,38.0
11.0,36.0,37.0
11.0,36.0,35.0
11.0,36.0,34.0
11.0,35.0,33.0
11.0,40.0,35.0
11.0,38.0,33.0
11.0,37.0,32.0
11.0,36.0,31.0
11.0,37.0,30.0
12.0,37.0,29.0
12.0,35.0,28.0
13.0,33.0,28.0
13.0,32.0,27.0
12.0,31.0,26.0
12.0,30.0,25.0
13.0,29.0,25.0
18.0,29.0,24.0
17.0,30.0,23.0
17.0,29.0,23.0
16.0,28.0,23.0
16.0,28.0,23.0
15.0,29.0,23.0
15.0,28.0,23.0
15.0,27.0,22.0
14.0,29.0,25.0
14.0,30.0,25.0
13.0,30.0,25.0
13.0,31.0,25.0
13.0,30.0,24.0
13.0,29.0,24.0
13.0,28.0,23.0
12.0,27.0,23.0
12.0,26.0,23.0
12.0,26.0,22.0
12.0,26.0,21.0
12.0,26.0,21.0
11.0,26.0,21.0
11.0,25.0,21.0
11.0,24.0,20.0
12.0,24.0,20.0
11.0,24.0,20.0
11.0,24.0,20.0
11.0,25.0,20.0
11.0,28.0,20.0
11.0,29.0,20.0
10.0,28.0,20.0
10.0,29.0,19.0
10.0,29.0,19.0
10.0,28.0,19.0
10.0,27.0,19.0
10.0,27.0,19.0
10.0,26.0,19.0
10.0,27.0,18.0
10.0,27.0,18.0
10.0,27.0,18.0
10.0,26.0,18.0
10.0,26.0,18.0
10.0,25.0,18.0
10.0,24.0,18.0
10.0,24.0,18.0
10.0,23.0,18.0
10.0,23.0,18.0
10.0,22.0,18.0
10.0,25.0,18.0
10.0,27.0,18.0
10.0,27.0,18.0
10.0,28.0,18.0
9.0,27.0,17.0
9.0,26.0,19.0
10.0,25.0,18.0
10.0,25.0,18.0
10.0,24.0,18.0
10.0,23.0,18.0
10.0,23.0,18.0
10.0,23.0,17.0
10.0,22.0,18.0
10.0,23.0,17.0
10.0,23.0,18.0
10.0,23.0,17.0
10.0,23.0,18.0
10.0,23.0,19.0
10.0,22.0,18.0
9.0,23.0,18.0
10.0,23.0,18.0
9.0,22.0,18.0
10.0,22.0,18.0
10.0,22.0,18.0
11.0,22.0,18.0
10.0,22.0,18.0
10.0,24.0,18.0
9.0,24.0,18.0
9.0,23.0,18.0
10.0,24.0,18.0
9.0,23.0,18.0
11.0,23.0,18.0
10.0,22.0,18.0
10.0,22.0,18.0
10.0,22.0,18.0
9.0,22.0,17.0
10.0,21.0,18.0
10.0,24.0,18.0
10.0,25.0,18.0
9.0,26.0,18.0
9.0,26.0,18.0
10.0,26.0,18.0
11.0,25.0,18.0
45.0,79.0,86.0
44.0,82.0,87.0
45.0,80.0,82.0
44.0,87.0,107.0
44.0,104.0,126.0
43.0,99.0,132.0
48.0,113.0,205.0
45.0,127.0,245.0
51.0,124.0,235.0
62.0,132.0,230.0
58.0,151.0,246.0
60.0,140.0,231.0
63.0,143.0,228.0
59.0,142.0,224.0
54.0,138.0,216.0
50.0,135.0,201.0
46.0,134.0,192.0
43.0,127.0,179.0
40.0,135.0,174.0
43.0,138.0,176.0
46.0,134.0,183.0
49.0,140.0,188.0
59.0,134.0,183.0
68.0,134.0,170.0
78.0,137.0,161.0
86.0,129.0,151.0
90.0,122.0,143.0
86.0,114.0,146.0
79.0,119.0,137.0
72.0,112.0,127.0
66.0,105.0,118.0
61.0,98.0,112.0
58.0,96.0,105.0
54.0,94.0,102.0
51.0,92.0,96.0
49.0,87.0,90.0
47.0,83.0,85.0
48.0,80.0,85.0
49.0,78.0,85.0
48.0,75.0,81.0
46.0,71.0,78.0
44.0,69.0,74.0
41.0,65.0,70.0
39.0,68.0,72.0
36.0,67.0,71.0
34.0,63.0,67.0
32.0,59.0,64.0
30.0,63.0,66.0
29.0,62.0,65.0
27.0,59.0,61.0
25.0,61.0,59.0
24.0,58.0,56.0
23.0,58.0,53.0
22.0,56.0,51.0
21.0,55.0,49.0
21.0,53.0,46.0
19.0,51.0,45.0
18.0,51.0,43.0
17.0,56.0,41.0
17.0,54.0,39.0
16.0,53.0,38.0
16.0,50.0,37.0
15.0,50.0,36.0
15.0,49.0,35.0
14.0,49.0,34.0
14.0,49.0,34.0
14.0,47.0,33.0
13.0,45.0,32.0
13.0,45.0,30.0
13.0,46.0,30.0
13.0,44.0,29.0
13.0,44.0,28.0
12.0,42.0,28.0
12.0,40.0,27.0
12.0,39.0,26.0
12.0,38.0,25.0
12.0,40.0,25.0
12.0,38.0,24.0
11.0,38.0,24.0
11.0,38.0,23.0
11.0,36.0,23.0
11.0,37.0,23.0
11.0,38.0,22.0
11.0,39.0,22.0
11.0,41.0,22.0
11.0,40.0,21.0
11.0,39.0,21.0
11.0,38.0,21.0
11.0,37.0,21.0
11.0,41.0,21.0
12.0,39.0,20.0
11.0,37.0,20.0
12.0,36.0,20.0
12.0,35.0,20.0
12.0,36.0,20.0
13.0,35.0,19.0
12.0,35.0,19.0
12.0,35.0,19.0
12.0,41.0,21.0
12.0,40.0,30.0
12.0,39.0,36.0
12.0,39.0,35.0
12.0,39.0,34.0
13.0,43.0,36.0
14.0,44.0,38.0
15.0,44.0,38.0
15.0,43.0,37.0
15.0,43.0,36.0
16.0,43.0,35.0
16.0,44.0,34.0
16.0,44.0,33.0
16.0,43.0,31.0
15.0,42.0,30.0
15.0,41.0,29.0
14.0,40.0,29.0
14.0,40.0,28.0
14.0,42.0,27.0
13.0,41.0,27.0
13.0,41.0,25.0
13.0,45.0,26.0
13.0,46.0,25.0
12.0,46.0,24.0
13.0,45.0,24.0
12.0,44.0,23.0
12.0,44.0,25.0
12.0,44.0,25.0
12.0,44.0,27.0
13.0,44.0,27.0
13.0,47.0,34.0
13.0,46.0,32.0
14.0,44.0,31.0
14.0,43.0,30.0
14.0,42.0,29.0
13.0,41.0,29.0
13.0,40.0,28.0
15.0,44.0,27.0
15.0,43.0,27.0
14.0,41.0,26.0
15.0,40.0,26.0
15.0,40.0,24.0
16.0,40.0,24.0
15.0,39.0,23.0
15.0,39.0,27.0
16.0,38.0,26.0
16.0,41.0,28.0
15.0,40.0,28.0
16.0,40.0,28.0
16.0,38.0,27.0
16.0,37.0,26.0
16.0,35.0,26.0
16.0,34.0,25.0
16.0,35.0,24.0
16.0,34.0,23.0
16.0,33.0,23.0
16.0,32.0,23.0
17.0,34.0,22.0
17.0,35.0,22.0
16.0,35.0,22.0
16.0,34.0,21.0
16.0,32.0,21.0
16.0,32.0,21.0
17.0,31.0,21.0
17.0,30.0,21.0
17.0,30.0,21.0
17.0,28.0,20.0
17.0,27.0,20.0
18.0,27.0,20.0
17.0,26.0,20.0
19.0,26.0,19.0
17.0,25.0,19.0
17.0,26.0,19.0
17.0,26.0,19.0
17.0,29.0,19.0
18.0,30.0,19.0
18.0,29.0,18.0
18.0,29.0,18.0
19.0,28.0,19.0
17.0,28.0,18.0
18.0,27.0,18.0
17.0,26.0,18.0
17.0,27.0,18.0
18.0,29.0,18.0
18.0,29.0,18.0
18.0,29.0,18.0
17.0,26.0,16.0
18.0,27.0,17.0
18.0,27.0,17.0
17.0,28.0,18.0
17.0,29.0,18.0
17.0,27.0,18.0
17.0,27.0,18.0
17.0,27.0,18.0
16.0,28.0,17.0
17.0,26.0,18.0
17.0,26.0,17.0
17.0,26.0,18.0
17.0,31.0,19.0
18.0,28.0,18.0
18.0,28.0,18.0
18.0,27.0,18.0
36.0,85.0,117.0
46.0,85.0,140.0
47.0,102.0,163.0
55.0,104.0,177.0
55.0,102.0,187.0
52.0,118.0,191.0
51.0,111.0,179.0
47.0,119.0,168.0
43.0,119.0,158.0
40.0,113.0,147.0
38.0,105.0,136.0
36.0,97.0,126.0
38.0,93.0,124.0
40.0,97.0,126.0
42.0,100.0,127.0
52.0,95.0,133.0
60.0,92.0,125.0
67.0,90.0,119.0
74.0,86.0,121.0
79.0,80.0,114.0
79.0,75.0,110.0
78.0,70.0,103.0
75.0,66.0,96.0
73.0,64.0,95.0
70.0,62.0,92.0
66.0,61.0,86.0
63.0,59.0,91.0
61.0,61.0,93.0
57.0,58.0,86.0
54.0,57.0,81.0
51.0,56.0,78.0
50.0,57.0,76.0
47.0,55.0,73.0
44.0,53.0,69.0
41.0,51.0,65.0
39.0,50.0,63.0
37.0,50.0,60.0
34.0,50.0,57.0
33.0,50.0,54.0
31.0,50.0,61.0
29.0,48.0,59.0
28.0,48.0,56.0
26.0,48.0,53.0
25.0,49.0,51.0
24.0,48.0,49.0
22.0,46.0,53.0
21.0,45.0,62.0
21.0,44.0,59.0
20.0,43.0,55.0
19.0,43.0,55.0
18.0,41.0,52.0
18.0,39.0,51.0
17.0,39.0,48.0
17.0,38.0,46.0
16.0,37.0,45.0
15.0,37.0,43.0
15.0,35.0,40.0
15.0,35.0,39.0
15.0,35.0,37.0
14.0,35.0,36.0
14.0,35.0,35.0
13.0,34.0,34.0
13.0,34.0,34.0
13.0,34.0,39.0
12.0,33.0,46.0
13.0,33.0,44.0
12.0,32.0,42.0
12.0,32.0,41.0
12.0,31.0,39.0
11.0,31.0,37.0
11.0,30.0,36.0
11.0,29.0,35.0
11.0,28.0,34.0
11.0,29.0,33.0
11.0,29.0,32.0
11.0,28.0,31.0
11.0,28.0,30.0
10.0,27.0,29.0
10.0,28.0,28.0
11.0,26.0,27.0
10.0,26.0,27.0
10.0,26.0,26.0
10.0,26.0,26.0
10.0,26.0,26.0
10.0,25.0,25.0
10.0,26.0,25.0
10.0,25.0,24.0
10.0,25.0,24.0
10.0,26.0,23.0
10.0,26.0,23.0
10.0,26.0,23.0
10.0,24.0,22.0
10.0,24.0,22.0
10.0,24.0,21.0
10.0,24.0,21.0
10.0,23.0,21.0
10.0,24.0,21.0
10.0,24.0,21.0
10.0,24.0,20.0
10.0,23.0,20.0
10.0,24.0,20.0
10.0,25.0,19.0
10.0,24.0,19.0
10.0,25.0,19.0
10.0,25.0,19.0
10.0,24.0,21.0
10.0,24.0,20.0
10.0,23.0,20.0
10.0,25.0,19.0
9.0,25.0,19.0
10.0,25.0,19.0
10.0,24.0,19.0
10.0,25.0,19.0
10.0,25.0,18.0
11.0,25.0,19.0
10.0,26.0,19.0
10.0,26.0,18.0
10.0,27.0,18.0
9.0,26.0,19.0
9.0,26.0,18.0
10.0,27.0,18.0
9.0,27.0,19.0
10.0,26.0,19.0
10.0,26.0,19.0
9.0,28.0,19.0
10.0,26.0,20.0
10.0,26.0,19.0
9.0,26.0,19.0
9.0,27.0,18.0
10.0,27.0,18.0
10.0,26.0,18.0
9.0,25.0,18.0
10.0,25.0,17.0
10.0,25.0,18.0
9.0,25.0,18.0
10.0,25.0,18.0
10.0,24.0,18.0
10.0,23.0,18.0
11.0,23.0,18.0
10.0,23.0,18.0
10.0,22.0,18.0
10.0,23.0,17.0
10.0,24.0,18.0
10.0,24.0,18.0
10.0,26.0,18.0
10.0,25.0,18.0
10.0,25.0,18.0
9.0,24.0,18.0
9.0,23.0,18.0
10.0,23.0,18.0
9.0,22.0,18.0
10.0,22.0,18.0
10.0,22.0,18.0
10.0,22.0,18.0
9.0,21.0,18.0
10.0,22.0,18.0
10.0,21.0,18.0
9.0,22.0,18.0
11.0,21.0,18.0
9.0,22.0,18.0
10.0,22.0,18.0
10.0,22.0,17.0
10.0,22.0,17.0
9.0,21.0,17.0
9.0,22.0,17.0
9.0,21.0,18.0
10.0,21.0,17.0
10.0,21.0,18.0
10.0,21.0,18.0
10.0,21.0,18.0
10.0,21.0,17.0
10.0,21.0,17.0
9.0,21.0,18.0
9.0,21.0,18.0
9.0,24.0,17.0
10.0,25.0,18.0
10.0,25.0,16.0
10.0,24.0,17.0
10.0,23.0,17.0
10.0,23.0,18.0
10.0,25.0,22.0
10.0,25.0,23.0
11.0,25.0,22.0
10.0,24.0,22.0
10.0,23.0,20.0
10.0,23.0,22.0
9.0,23.0,22.0
10.0,23.0,21.0
10.0,22.0,21.0
10.0,22.0,20.0
9.0,22.0,21.0
9.0,21.0,20.0
10.0,21.0,20.0
9.0,21.0,19.0
10.0,21.0,20.0
10.0,21.0,19.0
9.0,21.0,19.0
10.0,22.0,19.0
10.0,21.0,19.0
9.0,21.0,19.0
31.0,128.0,17.0
33.0,143.0,18.0
36.0,148.0,17.0
38.0,153.0,17.0
44.0,160.0,17.0
46.0,161.0,17.0
49.0,151.0,17.0
53.0,163.0,18.0
58.0,189.0,25.0
63.0,199.0,34.0
59.0,198.0,33.0
59.0,218.0,68.0
58.0,242.0,116.0
54.0,254.0,126.0
50.0,256.0,158.0
46.0,254.0,185.0
43.0,245.0,240.0
45.0,243.0,294.0
44.0,242.0,322.0
44.0,240.0,345.0
40.0,226.0,408.0
38.0,221.0,412.0
42.0,220.0,396.0
41.0,220.0,400.0
47.0,215.0,372.0
49.0,206.0,361.0
49.0,207.0,362.0
45.0,221.0,348.0
42.0,228.0,323.0
39.0,229.0,301.0
36.0,223.0,285.0
35.0,225.0,271.0
39.0,215.0,252.0
47.0,208.0,233.0
60.0,199.0,244.0
71.0,191.0,231.0
84.0,177.0,214.0
96.0,164.0,221.0
106.0,158.0,214.0
116.0,144.0,206.0
119.0,134.0,196.0
120.0,122.0,182.0
116.0,113.0,169.0
110.0,107.0,157.0
103.0,99.0,145.0
97.0,97.0,135.0
92.0,97.0,136.0
88.0,98.0,136.0
87.0,97.0,130.0
86.0,92.0,129.0
85.0,90.0,121.0
86.0,90.0,112.0
86.0,91.0,106.0
83.0,87.0,99.0
80.0,87.0,94.0
77.0,84.0,90.0
73.0,83.0,85.0
69.0,78.0,80.0
65.0,76.0,76.0
63.0,74.0,71.0
59.0,72.0,68.0
56.0,70.0,64.0
54.0,66.0,62.0
53.0,63.0,60.0
51.0,60.0,57.0
48.0,58.0,55.0
46.0,57.0,53.0
44.0,54.0,50.0
42.0,54.0,49.0
40.0,52.0,47.0
38.0,52.0,45.0
35.0,51.0,43.0
33.0,53.0,41.0
31.0,52.0,40.0
29.0,52.0,39.0
28.0,51.0,37.0
27.0,49.0,36.0
25.0,47.0,34.0
25.0,46.0,34.0
23.0,46.0,32.0
22.0,44.0,31.0
21.0,44.0,30.0
20.0,44.0,29.0
19.0,45.0,29.0
18.0,44.0,28.0
17.0,42.0,28.0
17.0,40.0,27.0
17.0,40.0,27.0
16.0,41.0,27.0
16.0,41.0,26.0
15.0,40.0,26.0
15.0,38.0,25.0
15.0,37.0,24.0
14.0,35.0,24.0
14.0,33.0,24.0
13.0,34.0,23.0
13.0,34.0,23.0
13.0,34.0,22.0
13.0,32.0,22.0
12.0,33.0,21.0
12.0,34.0,22.0
12.0,35.0,25.0
12.0,35.0,27.0
11.0,33.0,26.0
11.0,32.0,26.0
11.0,31.0,25.0
10.0,32.0,25.0
11.0,31.0,24.0
10.0,30.0,24.0
10.0,30.0,23.0
10.0,29.0,23.0
10.0,30.0,23.0
10.0,29.0,22.0
10.0,27.0,22.0
10.0,27.0,22.0
10.0,28.0,21.0
10.0,29.0,21.0
10.0,28.0,21.0
11.0,31.0,21.0
10.0,33.0,20.0
10.0,31.0,20.0
10.0,31.0,20.0
10.0,33.0,20.0
10.0,33.0,20.0
10.0,32.0,20.0
10.0,31.0,19.0
10.0,30.0,19.0
10.0,29.0,19.0
10.0,28.0,19.0
10.0,27.0,19.0
10.0,28.0,19.0
10.0,28.0,19.0
10.0,28.0,19.0
10.0,28.0,19.0
10.0,29.0,18.0
10.0,29.0,18.0
10.0,29.0,18.0
10.0,32.0,18.0
10.0,33.0,18.0
10.0,33.0,18.0
10.0,33.0,18.0
10.0,32.0,18.0
10.0,32.0,18.0
10.0,32.0,18.0
10.0,30.0,18.0
10.0,31.0,18.0
10.0,29.0,18.0
10.0,29.0,18.0
9.0,28.0,18.0
10.0,28.0,18.0
10.0,28.0,17.0
10.0,27.0,18.0
8.0,28.0,17.0
10.0,26.0,18.0
9.0,27.0,17.0
10.0,29.0,17.0
10.0,29.0,17.0
10.0,28.0,17.0
9.0,27.0,17.0
9.0,26.0,17.0
10.0,25.0,18.0
10.0,25.0,17.0
10.0,26.0,18.0
9.0,24.0,18.0
9.0,25.0,17.0
10.0,24.0,17.0
11.0,23.0,18.0
10.0,23.0,17.0
10.0,23.0,17.0
10.0,22.0,17.0
11.0,24.0,18.0
9.0,22.0,17.0
10.0,22.0,17.0
10.0,24.0,17.0
9.0,25.0,17.0
10.0,24.0,17.0
10.0,24.0,17.0
10.0,23.0,17.0
9.0,23.0,17.0
9.0,22.0,17.0
10.0,22.0,17.0
10.0,23.0,19.0
10.0,22.0,18.0
9.0,22.0,18.0
10.0,23.0,17.0
9.0,21.0,17.0
9.0,22.0,17.0
10.0,22.0,17.0
10.0,22.0,19.0
9.0,22.0,17.0
10.0,22.0,18.0
10.0,22.0,18.0
9.0,22.0,17.0
9.0,22.0,17.0
10.0,22.0,17.0
10.0,21.0,18.0
9.0,20.0,18.0
10.0,21.0,17.0
10.0,21.0,17.0
10.0,21.0,17.0
119.0,31.0,19.0
172.0,31.0,17.0
321.0,34.0,18.0
351.0,36.0,18.0
354.0,61.0,18.0
334.0,69.0,18.0
324.0,77.0,18.0
317.0,72.0,18.0
296.0,70.0,18.0
274.0,68.0,17.0
253.0,63.0,17.0
234.0,60.0,18.0
213.0,58.0,18.0
196.0,58.0,18.0
180.0,54.0,18.0
165.0,52.0,17.0
152.0,50.0,17.0
140.0,47.0,16.0
128.0,46.0,18.0
119.0,45.0,18.0
110.0,47.0,34.0
104.0,46.0,38.0
96.0,46.0,43.0
90.0,48.0,56.0
85.0,54.0,57.0
80.0,60.0,59.0
80.0,66.0,70.0
76.0,82.0,84.0
75.0,78.0,102.0
72.0,81.0,105.0
69.0,90.0,117.0
72.0,89.0,151.0
74.0,90.0,159.0
71.0,103.0,181.0
67.0,103.0,276.0
65.0,102.0,302.0
76.0,109.0,297.0
73.0,109.0,282.0
67.0,109.0,260.0
62.0,101.0,240.0
56.0,101.0,224.0
55.0,100.0,211.0
55.0,98.0,205.0
58.0,93.0,195.0
63.0,89.0,183.0
69.0,87.0,184.0
74.0,91.0,176.0
80.0,90.0,169.0
82.0,91.0,163.0
82.0,93.0,177.0
78.0,92.0,175.0
73.0,91.0,165.0
67.0,89.0,154.0
62.0,86.0,153.0
58.0,86.0,150.0
53.0,85.0,146.0
50.0,81.0,138.0
46.0,77.0,132.0
44.0,73.0,125.0
42.0,71.0,115.0
42.0,70.0,108.0
42.0,69.0,104.0
41.0,65.0,99.0
37.0,67.0,97.0
37.0,65.0,93.0
35.0,62.0,87.0
33.0,62.0,85.0
31.0,62.0,80.0
30.0,60.0,82.0
28.0,57.0,77.0
26.0,56.0,74.0
26.0,55.0,69.0
24.0,52.0,67.0
23.0,50.0,63.0
22.0,46.0,60.0
21.0,47.0,57.0
20.0,43.0,54.0
19.0,42.0,53.0
19.0,42.0,52.0
17.0,41.0,49.0
17.0,38.0,47.0
17.0,39.0,45.0
16.0,39.0,44.0
15.0,38.0,42.0
15.0,37.0,40.0
15.0,37.0,45.0
14.0,36.0,43.0
14.0,36.0,43.0
14.0,35.0,40.0
13.0,34.0,39.0
13.0,35.0,37.0
13.0,35.0,36.0
12.0,35.0,35.0
13.0,34.0,34.0
12.0,33.0,33.0
13.0,32.0,32.0
12.0,32.0,31.0
11.0,32.0,30.0
12.0,31.0,29.0
11.0,30.0,27.0
12.0,30.0,27.0
11.0,30.0,28.0
11.0,38.0,39.0
11.0,39.0,37.0
11.0,37.0,38.0
10.0,36.0,36.0
10.0,35.0,35.0
11.0,34.0,34.0
10.0,33.0,33.0
10.0,32.0,32.0
10.0,32.0,31.0
10.0,32.0,28.0
10.0,30.0,29.0
10.0,30.0,28.0
10.0,30.0,27.0
9.0,31.0,27.0
11.0,35.0,27.0
10.0,35.0,29.0
10.0,34.0,28.0
10.0,33.0,27.0
10.0,32.0,26.0
10.0,33.0,26.0
10.0,32.0,26.0
10.0,33.0,29.0
10.0,32.0,30.0
10.0,31.0,28.0
10.0,29.0,28.0
10.0,29.0,27.0
10.0,28.0,26.0
10.0,27.0,26.0
9.0,27.0,25.0
10.0,26.0,25.0
10.0,27.0,24.0
10.0,26.0,24.0
11.0,25.0,24.0
10.0,25.0,23.0
11.0,25.0,22.0
10.0,27.0,22.0
9.0,27.0,22.0
9.0,26.0,21.0
10.0,25.0,22.0
9.0,25.0,22.0
10.0,25.0,21.0
10.0,25.0,21.0
10.0,25.0,21.0
9.0,24.0,20.0
10.0,23.0,20.0
9.0,23.0,20.0
10.0,22.0,20.0
10.0,22.0,19.0
9.0,22.0,19.0
10.0,21.0,20.0
10.0,22.0,19.0
10.0,22.0,19.0
10.0,22.0,19.0
10.0,21.0,19.0
10.0,21.0,18.0
10.0,21.0,18.0
10.0,20.0,18.0
9.0,21.0,18.0
9.0,23.0,20.0
10.0,22.0,18.0
9.0,22.0,18.0
9.0,23.0,18.0
10.0,23.0,18.0
10.0,22.0,18.0
9.0,22.0,18.0
10.0,22.0,18.0
10.0,21.0,18.0
10.0,21.0,17.0
10.0,21.0,18.0
10.0,21.0,18.0
9.0,21.0,18.0
9.0,20.0,18.0
9.0,20.0,17.0
9.0,19.0,18.0
9.0,21.0,17.0
9.0,23.0,18.0
10.0,25.0,18.0
9.0,25.0,18.0
9.0,24.0,17.0
9.0,23.0,17.0
10.0,24.0,17.0
10.0,23.0,17.0
10.0,22.0,17.0
9.0,22.0,18.0
9.0,21.0,18.0
9.0,23.0,18.0
9.0,23.0,19.0
9.0,23.0,19.0
10.0,24.0,18.0
10.0,24.0,19.0
9.0,23.0,18.0
9.0,23.0,19.0
10.0,22.0,19.0
9.0,22.0,18.0
10.0,21.0,18.0
10.0,21.0,18.0
10.0,20.0,18.0
9.0,20.0,18.0
12.0,67.0,146.0
13.0,82.0,170.0
13.0,79.0,193.0
13.0,85.0,236.0
17.0,95.0,251.0
19.0,102.0,239.0
18.0,97.0,232.0
21.0,99.0,253.0
23.0,99.0,250.0
22.0,98.0,243.0
23.0,104.0,233.0
27.0,104.0,234.0
32.0,102.0,219.0
35.0,102.0,204.0
41.0,98.0,197.0
39.0,105.0,195.0
37.0,103.0,183.0
34.0,101.0,174.0
33.0,104.0,161.0
32.0,107.0,156.0
31.0,100.0,145.0
33.0,95.0,134.0
40.0,92.0,130.0
47.0,87.0,125.0
55.0,88.0,116.0
62.0,88.0,109.0
69.0,92.0,103.0
76.0,97.0,106.0
82.0,93.0,113.0
86.0,92.0,106.0
88.0,89.0,104.0
89.0,84.0,102.0
88.0,79.0,96.0
85.0,77.0,91.0
83.0,74.0,88.0
80.0,69.0,83.0
80.0,65.0,78.0
80.0,64.0,74.0
80.0,60.0,75.0
79.0,57.0,71.0
80.0,54.0,68.0
82.0,52.0,64.0
83.0,51.0,71.0
82.0,49.0,69.0
81.0,47.0,69.0
79.0,45.0,66.0
77.0,43.0,62.0
74.0,41.0,60.0
70.0,40.0,57.0
67.0,39.0,56.0
63.0,38.0,56.0
59.0,36.0,53.0
58.0,36.0,52.0
55.0,34.0,51.0
52.0,33.0,52.0
50.0,33.0,50.0
49.0,32.0,50.0
47.0,33.0,48.0
45.0,31.0,45.0
43.0,32.0,44.0
42.0,31.0,42.0
40.0,30.0,41.0
37.0,29.0,39.0
35.0,29.0,38.0
34.0,29.0,37.0
33.0,27.0,36.0
31.0,27.0,35.0
30.0,28.0,36.0
28.0,28.0,38.0
27.0,27.0,36.0
26.0,26.0,35.0
25.0,26.0,34.0
24.0,26.0,34.0
22.0,26.0,32.0
22.0,27.0,31.0
21.0,26.0,31.0
20.0,27.0,29.0
19.0,26.0,29.0
19.0,26.0,28.0
18.0,28.0,28.0
17.0,28.0,27.0
17.0,26.0,27.0
17.0,26.0,26.0
16.0,26.0,25.0
16.0,26.0,25.0
16.0,25.0,25.0
16.0,25.0,24.0
16.0,25.0,23.0
16.0,26.0,24.0
15.0,26.0,24.0
15.0,28.0,23.0
14.0,28.0,23.0
15.0,28.0,22.0
13.0,26.0,22.0
13.0,26.0,22.0
13.0,25.0,21.0
13.0,24.0,20.0
12.0,24.0,21.0
13.0,23.0,20.0
12.0,24.0,20.0
13.0,25.0,22.0
12.0,24.0,20.0
13.0,27.0,20.0
14.0,26.0,20.0
14.0,25.0,20.0
14.0,24.0,20.0
15.0,25.0,19.0
15.0,25.0,19.0
15.0,23.0,18.0
15.0,25.0,20.0
14.0,25.0,20.0
15.0,25.0,19.0
13.0,25.0,20.0
14.0,24.0,19.0
13.0,23.0,19.0
13.0,22.0,19.0
13.0,22.0,20.0
13.0,22.0,19.0
12.0,22.0,18.0
12.0,22.0,19.0
12.0,22.0,20.0
12.0,22.0,19.0
12.0,22.0,18.0
12.0,22.0,18.0
12.0,20.0,20.0
11.0,21.0,18.0
11.0,21.0,18.0
12.0,22.0,18.0
10.0,23.0,18.0
11.0,24.0,18.0
10.0,24.0,18.0
10.0,24.0,19.0
11.0,24.0,17.0
10.0,25.0,19.0
11.0,25.0,18.0
10.0,24.0,19.0
11.0,25.0,18.0
10.0,25.0,18.0
10.0,25.0,18.0
10.0,24.0,18.0
10.0,25.0,18.0
10.0,27.0,18.0
10.0,28.0,18.0
10.0,27.0,18.0
10.0,28.0,18.0
10.0,30.0,18.0
10.0,29.0,18.0
10.0,30.0,18.0
10.0,32.0,18.0
10.0,33.0,18.0
10.0,32.0,18.0
10.0,33.0,18.0
10.0,33.0,18.0
10.0,34.0,18.0
10.0,32.0,17.0
10.0,33.0,17.0
10.0,36.0,18.0
10.0,36.0,18.0
10.0,36.0,18.0
10.0,37.0,18.0
10.0,37.0,18.0
10.0,37.0,17.0
10.0,37.0,17.0
10.0,37.0,18.0
10.0,38.0,17.0
10.0,37.0,17.0
10.0,38.0,18.0
10.0,38.0,18.0
10.0,39.0,18.0
10.0,38.0,18.0
9.0,38.0,18.0
10.0,37.0,18.0
10.0,38.0,18.0
10.0,39.0,17.0
10.0,39.0,17.0
10.0,39.0,17.0
10.0,39.0,17.0
10.0,37.0,17.0
10.0,39.0,17.0
10.0,39.0,17.0
9.0,39.0,18.0
10.0,39.0,18.0
10.0,39.0,17.0
10.0,38.0,17.0
10.0,39.0,17.0
10.0,40.0,18.0
10.0,41.0,17.0
11.0,43.0,18.0
10.0,44.0,17.0
9.0,44.0,18.0
10.0,45.0,18.0
10.0,43.0,17.0
10.0,46.0,17.0
10.0,47.0,17.0
10.0,47.0,17.0
10.0,47.0,17.0
10.0,48.0,17.0
10.0,48.0,17.0
9.0,48.0,17.0
9.0,49.0,17.0
